{"cameraMode":{"drawMode":0,"name":"Shaded","section":"Shading Mode"},"sceneLighting":true,"audioPlay":false,"sceneViewState":{"showFog":true,"showMaterialUpdate":true,"showSkybox":false,"showFlares":true,"showImageEffects":true,"showParticleSystems":true},"in2DMode":false,"pivot":{"x":3.658414840698242,"y":1.1209983825683594,"z":9.011985778808594},"rotation":{"x":-0.06261216104030609,"y":-0.7294048070907593,"z":-0.06736907362937927,"w":0.6778774857521057},"size":61.075775146484378,"orthographic":false}