{"cameraMode":{"drawMode":0,"name":"Shaded","section":"Shading Mode"},"sceneLighting":false,"audioPlay":false,"sceneViewState":{"showFog":true,"showMaterialUpdate":true,"showSkybox":false,"showFlares":true,"showImageEffects":true,"showParticleSystems":true},"in2DMode":false,"pivot":{"x":6.476036071777344,"y":1.0220000743865967,"z":5.621890068054199},"rotation":{"x":-0.16726751625537873,"y":-0.4070028066635132,"z":0.07608639448881149,"w":-0.8947528600692749},"size":1.036561369895935,"orthographic":false}