{"cameraMode":{"drawMode":0,"name":"Shaded","section":"Shading Mode"},"sceneLighting":true,"audioPlay":false,"sceneViewState":{"showFog":true,"showMaterialUpdate":true,"showSkybox":false,"showFlares":true,"showImageEffects":true,"showParticleSystems":true},"in2DMode":false,"pivot":{"x":259.6062316894531,"y":157.5359344482422,"z":30.374731063842775},"rotation":{"x":-0.046384297311306,"y":0.8730599880218506,"z":0.08465266972780228,"w":0.4779985547065735},"size":350.77294921875,"orthographic":false}