{"cameraMode":{"drawMode":0,"name":"Shaded","section":"Shading Mode"},"sceneLighting":true,"audioPlay":false,"sceneViewState":{"showFog":true,"showMaterialUpdate":true,"showSkybox":false,"showFlares":true,"showImageEffects":true,"showParticleSystems":true},"in2DMode":false,"pivot":{"x":52.152523040771487,"y":2.0655887126922609,"z":52.724002838134769},"rotation":{"x":0.04310070350766182,"y":0.7652841806411743,"z":0.05147919803857803,"w":-0.6402077674865723},"size":0.7964702248573303,"orthographic":false}