{"cameraMode":{"drawMode":0,"name":"Shaded","section":"Shading Mode"},"sceneLighting":false,"audioPlay":false,"sceneViewState":{"showFog":true,"showMaterialUpdate":true,"showSkybox":false,"showFlares":true,"showImageEffects":true,"showParticleSystems":true},"in2DMode":false,"pivot":{"x":57.538658142089847,"y":3.629999876022339,"z":63.650001525878909},"rotation":{"x":0.049097996205091479,"y":0.9414438605308533,"z":-0.15706393122673036,"w":0.2943067252635956},"size":2.663970947265625,"orthographic":false}