{"cameraMode":{"drawMode":0,"name":"Shaded","section":"Shading Mode"},"sceneLighting":false,"audioPlay":false,"sceneViewState":{"showFog":true,"showMaterialUpdate":true,"showSkybox":false,"showFlares":true,"showImageEffects":true,"showParticleSystems":true},"in2DMode":false,"pivot":{"x":57.77000045776367,"y":4.230000019073486,"z":64.25},"rotation":{"x":0.2960664927959442,"y":0.42946577072143557,"z":-0.1514338105916977,"w":0.8396344780921936},"size":0.10878940671682358,"orthographic":false}