{"cameraMode":{"drawMode":0,"name":"Shaded","section":"Shading Mode"},"sceneLighting":false,"audioPlay":false,"sceneViewState":{"showFog":true,"showMaterialUpdate":true,"showSkybox":false,"showFlares":true,"showImageEffects":true,"showParticleSystems":true},"in2DMode":false,"pivot":{"x":56.56574249267578,"y":1.1972002983093262,"z":53.13367462158203},"rotation":{"x":-0.18391160666942597,"y":-0.13756753504276277,"z":0.026000967249274255,"w":-0.9729296565055847},"size":2.249056100845337,"orthographic":false}