{"cameraMode":{"drawMode":0,"name":"Shaded","section":"Shading Mode"},"sceneLighting":true,"audioPlay":false,"sceneViewState":{"showFog":true,"showMaterialUpdate":true,"showSkybox":true,"showFlares":true,"showImageEffects":true,"showParticleSystems":true},"in2DMode":false,"pivot":{"x":55.490543365478519,"y":2.317969560623169,"z":51.01622772216797},"rotation":{"x":-0.017614731565117837,"y":0.917863130569458,"z":0.04105618968605995,"w":0.3944210112094879},"size":1.2877358198165894,"orthographic":false}