{"cameraMode":{"drawMode":0,"name":"Shaded","section":"Shading Mode"},"sceneLighting":true,"audioPlay":false,"sceneViewState":{"showFog":true,"showMaterialUpdate":true,"showSkybox":false,"showFlares":true,"showImageEffects":true,"showParticleSystems":true},"in2DMode":false,"pivot":{"x":3.658414840698242,"y":1.1209983825683594,"z":9.011985778808594},"rotation":{"x":-0.16726751625537873,"y":-0.4070028066635132,"z":0.07608639448881149,"w":-0.8947528600692749},"size":61.075775146484378,"orthographic":false}